City,Cloudiness,Country Code,Humidity,Latitude,Temperature(F),Wind Speed
Luanda,76,AO,100,-8.83,75.29,4.18
Cabedelo,100,BR,99,-6.97,79.21,10.33
Bredasdorp,0,ZA,100,-34.53,60.94,7.54
Chuy,32,UY,88,-33.69,66.29,7.87
Tanete,36,ID,68,-3.94,88.25,6.76
Douglas,90,US,80,58.28,33.8,4.7
Punta Arenas,76,CL,79,-53.16,52.7,16.26
Mataura,0,NZ,67,-46.19,71.74,5.64
Labuhan,8,ID,71,-2.54,85.55,2.51
Puerto Quijarro,12,BO,87,-19.0,77.9,3.74
Nikolskoye,0,RU,64,59.7,-13.36,5.75
Grimshaw,40,CA,68,56.19,30.2,5.82
Mataura,0,NZ,67,-46.19,71.74,5.64
Chernyshevskiy,36,RU,67,63.01,-15.21,3.18
Rikitea,64,PF,100,-23.12,79.84,14.03
Soyo,88,AO,98,-6.13,75.88,3.4
Asyut,0,EG,54,27.18,48.56,2.62
Thompson,40,CA,78,55.74,17.6,3.36
Morondava,8,MG,100,-20.3,79.34,5.3
Mackay,40,CA,45,53.65,31.1,8.05
Cape Town,0,ZA,94,-33.93,61.7,14.25
Albany,40,US,59,42.65,36.01,3.36
Rikitea,64,PF,100,-23.12,79.84,14.03
Victoria,36,BN,100,5.28,81.68,4.07
Vardo,1,US,36,39.62,46.69,8.05
Hilo,40,US,57,19.71,68.27,11.41
Saint-Philippe,75,CA,48,45.36,44.6,5.82
Hermanus,56,ZA,100,-34.42,52.43,3.62
La Ronge,20,CA,86,55.1,20.53,5.41
Ushuaia,88,AR,100,-54.81,45.14,13.69
Los Llanos de Aridane,88,ES,68,28.66,66.2,13.87
Severo-Kurilsk,64,RU,100,50.68,26.47,14.7
Paamiut,20,GL,100,61.99,23.45,10.22
Qaanaaq,64,GL,84,77.48,9.19,9.78
Luderitz,20,NA,95,-26.65,58.33,11.23
Kudahuvadhoo,64,MV,100,2.67,80.11,7.76
Vila Velha,12,BR,100,-3.71,81.68,17.49
Ponta do Sol,76,BR,98,-20.63,65.71,2.73
Rikitea,64,PF,100,-23.12,79.84,14.03
Ilulissat,0,GL,98,69.22,-16.42,3.62
Cap Malheureux,44,MU,100,-19.98,82.04,17.38
Nikolskoye,0,RU,64,59.7,-13.36,5.75
Ushuaia,88,AR,100,-54.81,45.14,13.69
Luderitz,20,NA,95,-26.65,58.33,11.23
Lake City,40,US,65,38.03,36.72,4.63
Mataura,0,NZ,67,-46.19,71.74,5.64
Rikitea,64,PF,100,-23.12,79.84,14.03
Rikitea,64,PF,100,-23.12,79.84,14.03
Punta Arenas,76,CL,79,-53.16,52.7,16.26
Bredasdorp,0,ZA,100,-34.53,60.94,7.54
Ushuaia,88,AR,100,-54.81,45.14,13.69
Rikitea,64,PF,100,-23.12,79.84,14.03
Dingle,20,PH,67,11.0,85.96,11.79
Verkhnevilyuysk,32,RU,72,63.45,-16.29,4.18
Ushuaia,88,AR,100,-54.81,45.14,13.69
Bluff,68,AU,97,-23.58,79.66,10.33
Jamestown,0,AU,44,-33.21,75.43,16.37
Atuona,92,PF,100,-9.8,81.05,14.14
Ushuaia,88,AR,100,-54.81,45.14,13.69
Taguatinga,48,BR,92,-15.83,66.74,2.06
Groningen,75,NL,79,53.22,23.09,14.99
Cidreira,48,BR,97,-30.17,69.8,3.62
Punta Arenas,76,CL,79,-53.16,52.7,16.26
Pitimbu,100,BR,99,-7.47,79.21,10.33
Meulaboh,12,ID,100,4.14,80.74,3.62
Khatanga,36,RU,80,71.98,-18.27,19.17
Kununurra,12,AU,81,-15.77,90.23,4.63
Albany,40,US,59,42.65,36.01,3.36
Ostrovnoy,56,RU,81,68.05,8.56,17.16
Itapetinga,12,BR,91,-15.25,70.48,5.97
Sitka,8,US,82,37.17,51.35,12.12
Jamestown,0,AU,44,-33.21,75.43,16.37
Saskylakh,8,RU,36,71.97,-24.3,10.33
Nikolskoye,0,RU,64,59.7,-13.36,5.75
Manicore,12,BR,91,-5.81,75.34,2.73
Yellowknife,20,CA,78,62.45,12.2,4.7
Yellowknife,20,CA,78,62.45,12.2,4.7
Saint-Philippe,75,CA,48,45.36,44.6,5.82
Huangmei,8,CN,95,30.1,55.81,14.7
Bambous Virieux,76,MU,81,-20.34,80.69,9.89
Pisco,8,PE,89,-13.71,68.0,3.62
Lata,20,IN,67,30.78,46.36,2.28
Rikitea,64,PF,100,-23.12,79.84,14.03
Rikitea,64,PF,100,-23.12,79.84,14.03
Puerto Ayora,80,EC,100,-0.74,79.21,4.97
Iberia,8,PE,89,-11.41,74.71,2.17
Mataura,0,NZ,67,-46.19,71.74,5.64
Ahuimanu,90,US,65,21.44,77.92,12.75
Namatanai,68,PG,96,-3.66,84.74,9.44
Lompoc,1,US,70,34.64,51.01,9.17
Flinders,0,AU,56,-34.58,80.33,3.62
San Patricio,76,PY,90,-26.98,73.81,2.06
Katsuura,80,JP,63,33.93,51.13,4.07
Port Alfred,12,ZA,95,-33.59,64.36,4.63
Senneterre,24,CA,89,48.39,32.36,4.41
Hermanus,56,ZA,100,-34.42,52.43,3.62
Rikitea,64,PF,100,-23.12,79.84,14.03
Saint George,90,GR,93,39.45,46.4,8.05
Saskylakh,8,RU,36,71.97,-24.3,10.33
Hithadhoo,76,MV,100,-0.6,83.71,7.65
Yinchuan,0,CN,40,38.48,44.15,4.29
Puerto Ayora,80,EC,100,-0.74,79.21,4.97
Yellowknife,20,CA,78,62.45,12.2,4.7
Jalu,24,LY,37,29.03,60.13,10.45
Albany,40,US,59,42.65,36.01,3.36
Rikitea,64,PF,100,-23.12,79.84,14.03
Solnechnyy,20,RU,71,50.72,11.08,3.85
Namibe,44,AO,100,-15.19,75.52,9.66
Ribeira Grande,64,PT,100,38.52,58.51,12.46
Narsaq,0,GL,26,60.91,-18.72,2.39
Sabang,56,PH,94,13.72,80.83,6.76
Taonan,92,CN,84,45.34,15.71,12.8
Sinnamary,20,GF,99,5.38,77.63,8.66
Aksu,68,KZ,80,52.04,8.51,13.02
Vila Velha,12,BR,100,-3.71,81.68,17.49
Georgetown,32,GY,85,6.8,73.63,4.63
Punta Arenas,76,CL,79,-53.16,52.7,16.26
Atuona,92,PF,100,-9.8,81.05,14.14
Punta Arenas,76,CL,79,-53.16,52.7,16.26
Tasiilaq,0,GL,91,65.61,17.33,4.18
Beloha,92,MG,86,-25.17,73.76,9.78
Saskylakh,8,RU,36,71.97,-24.3,10.33
Lazaro Cardenas,32,MX,35,28.39,66.16,17.83
Saint-Philippe,75,CA,48,45.36,44.6,5.82
Berlevag,92,NO,100,70.86,35.06,25.77
Punta Arenas,76,CL,79,-53.16,52.7,16.26
Valenca do Piaui,8,BR,94,-6.41,71.96,2.73
Talara,32,PE,62,-4.58,76.42,8.77
Castro,0,CL,97,-42.48,49.69,2.17
Saskylakh,8,RU,36,71.97,-24.3,10.33
Khatanga,36,RU,80,71.98,-18.27,19.17
Torbay,90,CA,100,47.66,30.2,24.16
Nabire,44,ID,87,-3.36,78.98,2.62
Kruisfontein,12,ZA,100,-34.0,61.39,1.39
Mataura,0,NZ,67,-46.19,71.74,5.64
Saint-Francois,0,FR,72,46.42,12.2,2.73
Jamestown,0,AU,44,-33.21,75.43,16.37
Tasiilaq,0,GL,91,65.61,17.33,4.18
Stokmarknes,80,NO,100,68.56,26.47,10.0
Kruisfontein,12,ZA,100,-34.0,61.39,1.39
Bluff,68,AU,97,-23.58,79.66,10.33
Sambava,36,MG,100,-14.27,80.47,13.24
Busselton,0,AU,100,-33.64,68.99,8.43
Albany,40,US,59,42.65,36.01,3.36
Nome,90,US,94,30.04,72.05,11.41
Punta Arenas,76,CL,79,-53.16,52.7,16.26
Bonthe,48,SL,86,7.53,75.34,4.18
Busselton,0,AU,100,-33.64,68.99,8.43
Bluff,68,AU,97,-23.58,79.66,10.33
Rikitea,64,PF,100,-23.12,79.84,14.03
Airai,48,TL,95,-8.93,77.63,1.39
Chuy,32,UY,88,-33.69,66.29,7.87
Nikolskoye,0,RU,64,59.7,-13.36,5.75
Hermanus,56,ZA,100,-34.42,52.43,3.62
Thompson,40,CA,78,55.74,17.6,3.36
Vaini,0,IN,51,15.34,67.64,3.62
Kirakira,64,SB,100,-10.46,81.19,5.75
Itoman,75,JP,53,26.12,71.6,16.11
Iskateley,44,RU,84,67.68,23.77,17.27
Albany,40,US,59,42.65,36.01,3.36
Laizhou,56,CN,75,37.18,47.21,6.08
Jamestown,0,AU,44,-33.21,75.43,16.37
Narsaq,0,GL,26,60.91,-18.72,2.39
Ushuaia,88,AR,100,-54.81,45.14,13.69
Groa,0,FR,49,48.67,24.33,10.29
Albany,40,US,59,42.65,36.01,3.36
Port Alfred,12,ZA,95,-33.59,64.36,4.63
Mayya,24,RU,62,61.74,-13.5,3.74
Rikitea,64,PF,100,-23.12,79.84,14.03
Zhigansk,12,RU,31,66.77,-21.42,3.4
Gondanglegi,0,ID,69,-7.75,84.38,3.51
Albany,40,US,59,42.65,36.01,3.36
General Roca,48,AR,78,-39.03,63.95,6.76
Norman Wells,90,CA,60,65.28,10.4,9.17
Ushuaia,88,AR,100,-54.81,45.14,13.69
Jamestown,0,AU,44,-33.21,75.43,16.37
Jamestown,0,AU,44,-33.21,75.43,16.37
Albany,40,US,59,42.65,36.01,3.36
Pisco,8,PE,89,-13.71,68.0,3.62
Iqaluit,90,CA,85,63.75,14.0,6.64
New Norfolk,68,AU,64,-42.78,69.26,8.21
Luanda,76,AO,100,-8.83,75.29,4.18
Marzuq,0,YE,88,14.4,46.18,2.39
Pervomayskiy,80,RU,73,53.24,-2.43,15.03
Rikitea,64,PF,100,-23.12,79.84,14.03
Raudeberg,48,NO,38,61.99,23.0,10.29
Kungurtug,0,RU,49,50.6,0.91,3.51
Hobart,100,AU,55,-42.88,73.13,7.09
Mino,92,JP,77,35.54,52.88,3.51
Vardo,1,US,36,39.62,46.69,8.05
Ushuaia,88,AR,100,-54.81,45.14,13.69
Punta Arenas,76,CL,79,-53.16,52.7,16.26
Busselton,0,AU,100,-33.64,68.99,8.43
Porto Novo,76,BR,100,-23.68,66.2,2.62
Rikitea,64,PF,100,-23.12,79.84,14.03
Mataura,0,NZ,67,-46.19,71.74,5.64
Dingle,20,PH,67,11.0,85.96,11.79
San Andres,48,PH,99,13.32,81.23,7.65
Caravelas,76,BR,100,-17.73,81.41,14.36
Praia da Vitoria,100,PT,100,38.73,57.83,21.74
Lebu,64,ET,87,8.96,46.63,2.62
Rikitea,64,PF,100,-23.12,79.84,14.03
Albany,40,US,59,42.65,36.01,3.36
Byron Bay,12,AU,97,-28.65,76.73,4.97
Yellowknife,20,CA,78,62.45,12.2,4.7
Te Anau,24,NZ,74,-45.41,66.61,3.18
College,90,US,85,64.86,16.41,4.7
Xining,0,CN,16,36.62,36.68,3.29
Qaanaaq,64,GL,84,77.48,9.19,9.78
Kruisfontein,12,ZA,100,-34.0,61.39,1.39
Carnarvon,0,ZA,53,-30.97,52.03,2.62
Beringovskiy,0,RU,100,63.05,10.09,2.39
Maragogi,92,BR,97,-9.01,76.96,6.64
Hobyo,92,SO,85,5.35,77.14,12.35
Barrow,56,AR,92,-38.31,65.3,3.62
Ushuaia,88,AR,100,-54.81,45.14,13.69
Mahebourg,76,MU,81,-20.41,80.69,9.89
Bredasdorp,0,ZA,100,-34.53,60.94,7.54
Muravlenko,24,RU,36,63.79,-23.89,2.39
Mataura,0,NZ,67,-46.19,71.74,5.64
Cayenne,68,GF,86,4.94,77.14,6.2
Puerto Ayora,80,EC,100,-0.74,79.21,4.97
Longyearbyen,75,NO,67,78.22,23.0,21.92
San Cristobal,92,EC,100,-0.39,47.89,0.6
Victoria,36,BN,100,5.28,81.68,4.07
Jalu,24,LY,37,29.03,60.13,10.45
Ponta do Sol,76,BR,98,-20.63,65.71,2.73
Barrow,56,AR,92,-38.31,65.3,3.62
Puerto Ayora,80,EC,100,-0.74,79.21,4.97
Cape Town,0,ZA,94,-33.93,61.7,14.25
Belyy Yar,64,RU,77,53.6,-0.9,3.96
Upernavik,56,GL,81,72.79,10.94,10.33
Vaini,0,IN,51,15.34,67.64,3.62
Victoria,36,BN,100,5.28,81.68,4.07
Catia La Mar,8,VE,100,10.6,75.88,9.66
Rikitea,64,PF,100,-23.12,79.84,14.03
Busselton,0,AU,100,-33.64,68.99,8.43
Pevek,68,RU,95,69.7,0.73,14.36
Sungai Besar,75,MY,88,3.68,78.8,2.24
Puerto Narino,44,CO,97,-3.77,73.13,2.39
Brasilia,0,BR,88,-10.9,72.37,7.09
Buraydah,0,SA,64,26.33,52.03,1.16
Hermanus,56,ZA,100,-34.42,52.43,3.62
Tabou,36,CI,97,4.42,80.96,8.99
La Ronge,20,CA,86,55.1,20.53,5.41
Tuatapere,24,NZ,86,-46.13,63.91,5.19
Butaritari,92,KI,97,3.07,83.66,17.05
Kruisfontein,12,ZA,100,-34.0,61.39,1.39
Vaini,0,IN,51,15.34,67.64,3.62
Oktyabrskiy,48,RU,74,55.61,-6.48,9.89
Wattegama,0,LK,83,7.35,76.06,3.85
Severo-Kurilsk,64,RU,100,50.68,26.47,14.7
Punta Arenas,76,CL,79,-53.16,52.7,16.26
Ushuaia,88,AR,100,-54.81,45.14,13.69
Sayyan,0,YE,84,15.17,40.51,1.5
Yumen,44,CN,79,40.29,34.84,8.43
Khani,24,GE,94,41.96,31.69,1.83
Kawalu,20,ID,83,-7.38,76.28,2.84
Hobart,100,AU,55,-42.88,73.13,7.09
Saint-Philippe,75,CA,48,45.36,44.6,5.82
Barrow,56,AR,92,-38.31,65.3,3.62
Kaitangata,0,NZ,76,-46.28,68.86,3.62
Avarua,76,CK,100,-21.21,80.6,6.98
Chimore,88,BO,95,-16.98,73.49,3.74
Hermanus,56,ZA,100,-34.42,52.43,3.62
Kahului,40,US,54,20.89,76.21,19.46
Torbay,90,CA,100,47.66,30.2,24.16
Avarua,76,CK,100,-21.21,80.6,6.98
Togur,36,RU,61,58.36,-12.91,2.95
Ushuaia,88,AR,100,-54.81,45.14,13.69
Hermanus,56,ZA,100,-34.42,52.43,3.62
Pamekasan,24,ID,100,-7.16,83.08,0.94
Hithadhoo,76,MV,100,-0.6,83.71,7.65
Bredasdorp,0,ZA,100,-34.53,60.94,7.54
Norman Wells,90,CA,60,65.28,10.4,9.17
Aklavik,75,CA,65,68.22,3.2,4.97
Kimbe,88,PG,100,-5.56,82.31,7.2
Tungor,12,RU,100,53.39,8.83,12.01
Vaini,0,IN,51,15.34,67.64,3.62
Vaini,0,IN,51,15.34,67.64,3.62
Barrow,56,AR,92,-38.31,65.3,3.62
Victoria,75,BN,88,5.28,84.22,2.24
Havelock,1,US,70,34.88,46.72,3.36
Nikolskoye,0,RU,64,59.7,-13.36,5.75
Sitka,8,US,82,37.17,51.35,12.12
Kamenice,48,CZ,50,50.41,8.24,10.45
Goderich,32,CA,79,43.74,39.11,12.57
Albany,40,US,59,42.65,36.01,3.36
Bluff,68,AU,97,-23.58,79.66,10.33
Chokurdakh,44,RU,80,70.62,-18.09,5.08
Manhattan,90,US,82,39.18,56.32,16.11
Kapaa,90,US,78,22.08,75.2,18.34
Yellowknife,20,CA,78,62.45,12.2,4.7
Kaolinovo,92,BG,86,43.62,14.77,14.92
Ushuaia,88,AR,100,-54.81,45.14,13.69
Vaini,0,IN,51,15.34,67.64,3.62
George Town,75,MY,74,5.42,80.42,9.17
Jamestown,0,AU,44,-33.21,75.43,16.37
Port Elizabeth,1,US,56,39.31,43.54,11.41
Kununurra,12,AU,81,-15.77,90.23,4.63
Atraulia,0,IN,76,26.33,71.38,4.52
Shitanjing,0,CN,25,39.23,44.02,6.98
Mount Isa,0,AU,24,-20.73,102.74,6.08
Rikitea,64,PF,100,-23.12,79.84,14.03
Vardo,1,US,36,39.62,46.69,8.05
Rikitea,64,PF,100,-23.12,79.84,14.03
Bhaktapur,75,NP,87,27.67,57.2,2.24
Machachi,92,EC,100,-0.51,47.89,0.6
Honiara,20,SB,70,-9.43,87.8,9.17
Thompson,40,CA,78,55.74,17.6,3.36
Fortuna,90,ES,87,38.18,50.0,4.7
Tasiilaq,0,GL,91,65.61,17.33,4.18
Jamestown,0,AU,44,-33.21,75.43,16.37
Haimen,76,CN,91,31.87,55.76,20.07
Grindavik,92,IS,94,63.84,43.21,9.78
Hermanus,56,ZA,100,-34.42,52.43,3.62
Viedma,0,AR,92,-40.81,55.18,5.75
Longyearbyen,75,NO,67,78.22,23.0,21.92
Tocopilla,56,CL,100,-22.09,57.79,3.74
Rikitea,64,PF,100,-23.12,79.84,14.03
Lasa,40,CY,87,34.92,52.86,6.93
Mount Pleasant,90,US,100,33.16,62.96,5.82
Provideniya,0,RU,100,64.42,18.05,1.16
Ushuaia,88,AR,100,-54.81,45.14,13.69
Codrington,12,AU,79,-28.95,77.41,3.29
Bosaso,8,SO,100,11.28,73.76,6.08
Prince Rupert,90,CA,93,54.32,35.6,4.7
Noumea,0,NC,100,-22.28,78.49,6.76
Bethel,40,US,78,60.79,12.2,17.22
Albany,40,US,59,42.65,36.01,3.36
Mahebourg,76,MU,81,-20.41,80.69,9.89
Busselton,0,AU,100,-33.64,68.99,8.43
Vardo,1,US,36,39.62,46.69,8.05
Busselton,0,AU,100,-33.64,68.99,8.43
Barrow,56,AR,92,-38.31,65.3,3.62
Comodoro Rivadavia,0,AR,80,-45.87,63.5,6.64
Atuona,92,PF,100,-9.8,81.05,14.14
Puerto del Rosario,68,ES,77,28.5,64.4,16.11
Ushuaia,88,AR,100,-54.81,45.14,13.69
Tuy Hoa,92,VN,90,13.08,75.52,3.18
Pisco,8,PE,89,-13.71,68.0,3.62
Paamiut,20,GL,100,61.99,23.45,10.22
Keti Bandar,68,PK,93,24.14,75.88,9.66
Cape Town,0,ZA,94,-33.93,61.7,14.25
Hobart,100,AU,55,-42.88,73.13,7.09
Hobart,100,AU,55,-42.88,73.13,7.09
Ancona,1,US,62,41.04,51.8,17.22
Cherskiy,36,RU,68,68.75,-4.59,2.17
Kapaa,90,US,78,22.08,75.2,18.34
Grand-Couronne,0,FR,67,49.35,20.34,9.17
Thompson,40,CA,78,55.74,17.6,3.36
Nuevo Progreso,1,US,83,26.05,74.89,18.34
Xining,0,CN,16,36.62,36.68,3.29
Albany,40,US,59,42.65,36.01,3.36
Alexandria,75,US,94,31.31,68.94,5.82
Shahpura,0,IN,61,25.63,70.61,2.95
Albany,40,US,59,42.65,36.01,3.36
Kapaa,90,US,78,22.08,75.2,18.34
Honningsvag,92,NO,94,70.98,34.93,28.12
Kavaratti,0,IN,100,10.57,83.44,2.84
Constitucion,64,MX,33,23.99,60.76,8.55
Faya,0,SA,79,18.39,37.49,2.73
Punta Arenas,76,CL,79,-53.16,52.7,16.26
Upernavik,56,GL,81,72.79,10.94,10.33
Port Keats,8,AU,88,-14.25,88.7,6.2
Mataura,0,NZ,67,-46.19,71.74,5.64
Albany,40,US,59,42.65,36.01,3.36
Laguna,88,MX,90,27.52,55.4,2.84
Padang,36,ID,100,-0.92,81.41,2.51
Zalantun,88,CN,67,48.0,11.71,4.18
Rikitea,64,PF,100,-23.12,79.84,14.03
Puerto Ayora,80,EC,100,-0.74,79.21,4.97
Komsomolskiy,88,RU,71,67.55,1.36,13.8
Bluff,68,AU,97,-23.58,79.66,10.33
Qaanaaq,64,GL,84,77.48,9.19,9.78
Iskateley,44,RU,84,67.68,23.77,17.27
Kaitangata,0,NZ,76,-46.28,68.86,3.62
Ushuaia,88,AR,100,-54.81,45.14,13.69
Thompson,40,CA,78,55.74,17.6,3.36
Dikson,80,RU,100,73.51,19.49,24.65
Sobolevo,68,RU,64,54.43,-3.46,17.94
Karpogory,76,RU,85,64.0,5.86,3.18
Fengrun,92,CN,81,39.83,33.53,2.95
Vaini,0,IN,51,15.34,67.64,3.62
Tilichiki,24,RU,83,60.47,3.29,4.07
Qaanaaq,64,GL,84,77.48,9.19,9.78
Jamestown,0,AU,44,-33.21,75.43,16.37
Tuktoyaktuk,90,CA,84,69.44,-2.21,14.99
Atuona,92,PF,100,-9.8,81.05,14.14
Hermanus,56,ZA,100,-34.42,52.43,3.62
Shenzhen,40,CN,82,22.54,67.01,2.24
Jatai,68,IN,77,28.97,67.33,2.95
Mugumu,44,TZ,96,-1.84,58.46,3.4
Cockburn Town,0,TC,100,21.46,75.34,17.27
Castro,0,CL,97,-42.48,49.69,2.17
Cockburn Town,0,TC,100,21.46,75.34,17.27
Aklavik,75,CA,65,68.22,3.2,4.97
Cape Town,0,ZA,94,-33.93,61.7,14.25
Mecca,0,SA,82,21.43,54.86,2.62
Bogatic,76,RS,93,44.83,19.63,4.52
Cayenne,68,GF,86,4.94,77.14,6.2
Busselton,0,AU,100,-33.64,68.99,8.43
East London,24,ZA,100,-33.02,68.23,7.43
Sitka,8,US,82,37.17,51.35,12.12
Cidreira,48,BR,97,-30.17,69.8,3.62
Saint-Philippe,75,CA,48,45.36,44.6,5.82
New Norfolk,68,AU,64,-42.78,69.26,8.21
Cidreira,48,BR,97,-30.17,69.8,3.62
Jamestown,0,AU,44,-33.21,75.43,16.37
Butaritari,92,KI,97,3.07,83.66,17.05
Kikwit,92,CD,99,-5.04,68.77,4.97
Saldanha,92,PT,100,41.42,30.2,7.87
Saint-Philippe,75,CA,48,45.36,44.6,5.82
Jalu,24,LY,37,29.03,60.13,10.45
Isfana,40,KG,93,39.84,46.4,2.73
Shiyan,8,CN,86,32.65,52.12,2.39
Margate,92,AU,72,-43.03,69.8,5.64
Saint-Augustin,0,FR,53,44.83,23.79,8.05
Puerto Ayora,80,EC,100,-0.74,79.21,4.97
Jamestown,0,AU,44,-33.21,75.43,16.37
Puerto Ayora,80,EC,100,-0.74,79.21,4.97
Atuona,92,PF,100,-9.8,81.05,14.14
Sur,24,OM,99,22.57,71.74,5.97
Bowen,88,AU,100,-20.01,79.48,5.19
Maldonado,0,UY,100,-34.91,65.66,8.66
Kawalu,20,ID,83,-7.38,76.28,2.84
Clyde River,90,CA,76,70.47,-5.81,3.36
Hobart,100,AU,55,-42.88,73.13,7.09
Severo-Kurilsk,64,RU,100,50.68,26.47,14.7
Marawi,64,PH,75,8.0,80.47,1.16
Manta,88,RO,88,45.1,12.2,3.74
Cape Town,0,ZA,94,-33.93,61.7,14.25
Esperance,32,TT,88,10.24,74.21,4.63
Mulki,75,PL,78,49.81,8.6,16.11
Tasiilaq,0,GL,91,65.61,17.33,4.18
Rikitea,64,PF,100,-23.12,79.84,14.03
Kieta,36,PG,100,-6.22,78.8,3.85
Tabou,36,CI,97,4.42,80.96,8.99
Caravelas,76,BR,100,-17.73,81.41,14.36
Haguenau,0,FR,66,48.82,14.0,5.82
Mataura,0,NZ,67,-46.19,71.74,5.64
Santa Rosa,24,AR,78,-36.62,69.04,9.55
Ushuaia,88,AR,100,-54.81,45.14,13.69
Nikolskoye,0,RU,64,59.7,-13.36,5.75
Champerico,0,MX,77,16.38,69.08,1.28
Oranjemund,36,ZA,96,-28.55,62.51,12.24
Dunedin,0,NZ,78,-45.87,67.87,2.17
Vitim,44,RU,67,59.44,-5.4,3.06
Hobart,100,AU,55,-42.88,73.13,7.09
Vaini,0,IN,51,15.34,67.64,3.62
Busselton,0,AU,100,-33.64,68.99,8.43
Bethel,40,US,78,60.79,12.2,17.22
Lebu,64,ET,87,8.96,46.63,2.62
Port Alfred,12,ZA,95,-33.59,64.36,4.63
Atuona,92,PF,100,-9.8,81.05,14.14
Cape Town,0,ZA,94,-33.93,61.7,14.25
Faya,0,SA,79,18.39,37.49,2.73
Ushuaia,88,AR,100,-54.81,45.14,13.69
Bluff,68,AU,97,-23.58,79.66,10.33
Saint-Joseph,90,FR,78,43.56,31.95,4.7
Paka,75,HR,92,45.29,15.8,12.75
Cherskiy,36,RU,68,68.75,-4.59,2.17
Tasiilaq,0,GL,91,65.61,17.33,4.18
Ushuaia,88,AR,100,-54.81,45.14,13.69
Cape Town,0,ZA,94,-33.93,61.7,14.25
Port Elizabeth,1,US,56,39.31,43.54,11.41
Busselton,0,AU,100,-33.64,68.99,8.43
Ponta do Sol,76,BR,98,-20.63,65.71,2.73
Sogne,48,NO,85,58.08,10.4,19.46
Torbay,90,CA,100,47.66,30.2,24.16
Atuona,92,PF,100,-9.8,81.05,14.14
Biak,36,ID,88,-0.91,82.94,1.95
Sitka,8,US,82,37.17,51.35,12.12
Tuensang,0,IN,71,26.24,64.81,1.95
Rikitea,64,PF,100,-23.12,79.84,14.03
Ancud,80,CL,85,-41.87,54.68,1.95
Sao Filipe,8,CV,100,14.9,67.46,6.42
Andzhiyevskiy,24,RU,79,44.23,23.99,5.64
Longyearbyen,75,NO,67,78.22,23.0,21.92
Ribeira Grande,64,PT,100,38.52,58.51,12.46
Vestmannaeyjar,64,IS,96,63.44,41.54,5.41
Garoua,12,CM,68,9.31,75.74,2.17
Dhidhdhoo,32,MV,100,6.88,81.01,14.36
Punta Arenas,76,CL,79,-53.16,52.7,16.26
Castro,0,CL,97,-42.48,49.69,2.17
Puerto Ayora,80,EC,100,-0.74,79.21,4.97
Esperance,32,TT,88,10.24,74.21,4.63
Ranong,40,TH,83,9.96,77.0,5.97
Fortuna,90,ES,87,38.18,50.0,4.7
Cape Town,0,ZA,94,-33.93,61.7,14.25
Barrow,56,AR,92,-38.31,65.3,3.62
Vaini,0,IN,51,15.34,67.64,3.62
Usinsk,88,RU,86,66.0,12.61,8.77
Busselton,0,AU,100,-33.64,68.99,8.43
El Sauzal,80,AR,95,-24.3,64.4,2.62
Yellowknife,20,CA,78,62.45,12.2,4.7
Sri Aman,90,MY,94,1.24,73.4,3.06
Walvis Bay,56,NA,100,-22.95,61.93,4.85
Norsup,44,VU,92,-16.07,83.98,1.72
Punta Arenas,76,CL,79,-53.16,52.7,16.26
Puerto Ayora,80,EC,100,-0.74,79.21,4.97
Ixtapa,20,MX,90,20.71,63.91,1.95
Tuktoyaktuk,90,CA,84,69.44,-2.21,14.99
Nikolskoye,0,RU,64,59.7,-13.36,5.75
Puerto Escondido,0,MX,100,15.86,80.78,9.44
Udachnyy,36,RU,86,66.42,-20.47,3.4
Ribeira Grande,64,PT,100,38.52,58.51,12.46
Vallenar,0,CL,83,-28.58,54.91,2.06
Oussouye,0,SN,99,12.49,66.38,13.58
Tasiilaq,0,GL,91,65.61,17.33,4.18
Punta Arenas,76,CL,79,-53.16,52.7,16.26
East London,24,ZA,100,-33.02,68.23,7.43
Boromlya,92,UA,79,50.62,10.54,18.05
Yellowknife,20,CA,78,62.45,12.2,4.7
Hilo,40,US,57,19.71,68.27,11.41
Oravita,80,RO,86,45.03,17.24,1.28
Barrow,56,AR,92,-38.31,65.3,3.62
Hithadhoo,76,MV,100,-0.6,83.71,7.65
Ahipara,36,NZ,66,-35.17,77.41,14.81
Jamestown,0,AU,44,-33.21,75.43,16.37
Busselton,0,AU,100,-33.64,68.99,8.43
Ushuaia,88,AR,100,-54.81,45.14,13.69
Kodiak,90,US,82,39.95,57.2,21.92
Kasane,92,BW,96,-17.8,67.96,10.67
Mar del Plata,12,AR,95,-46.43,55.13,2.39
Hermanus,56,ZA,100,-34.42,52.43,3.62
Berlevag,92,NO,100,70.86,35.06,25.77
Atuona,92,PF,100,-9.8,81.05,14.14
Khatanga,36,RU,80,71.98,-18.27,19.17
Tazovskiy,8,RU,0,67.47,-31.05,12.57
East London,24,ZA,100,-33.02,68.23,7.43
Westport,24,IE,100,53.8,29.44,12.01
Shahr-e Kord,48,IR,81,32.33,26.56,3.62
Araouane,0,ML,49,18.9,67.69,4.29
Meghri,24,AM,83,38.9,25.79,1.16
Barrow,56,AR,92,-38.31,65.3,3.62
Roebourne,0,AU,23,-20.77,98.92,4.18
Castro,0,CL,97,-42.48,49.69,2.17
Shubarkuduk,36,KZ,79,49.15,10.63,6.64
Severo-Kurilsk,64,RU,100,50.68,26.47,14.7
Kaitangata,0,NZ,76,-46.28,68.86,3.62
Trairi,8,BR,97,-3.28,82.94,15.93
Punta Arenas,76,CL,79,-53.16,52.7,16.26
Tasiilaq,0,GL,91,65.61,17.33,4.18
Ilhabela,88,BR,100,-23.78,77.32,5.3
Mataura,0,NZ,67,-46.19,71.74,5.64
Dinguiraye,88,GN,99,11.29,67.28,3.62
Baker City,90,US,73,44.77,26.11,5.82
Meulaboh,12,ID,100,4.14,80.74,3.62
Nikolskoye,0,RU,64,59.7,-13.36,5.75
Thompson,40,CA,78,55.74,17.6,3.36
Ponta do Sol,76,BR,98,-20.63,65.71,2.73
Vermillion,1,US,74,42.78,33.03,6.93
Rikitea,64,PF,100,-23.12,79.84,14.03
New Norfolk,68,AU,64,-42.78,69.26,8.21
Jamestown,0,AU,44,-33.21,75.43,16.37
Rikitea,64,PF,100,-23.12,79.84,14.03
Sept-Iles,0,CA,56,50.2,5.9,2.39
Hithadhoo,76,MV,100,-0.6,83.71,7.65
Lebu,64,ET,87,8.96,46.63,2.62
Rikitea,64,PF,100,-23.12,79.84,14.03
